Title,Time,Company,Location,Link
Software Engineer (University Grad),2023-11-30,Meta,"San Francisco, CA",https://www.linkedin.com/jobs/view/software-engineer-university-grad-at-meta-3761321285?refId=IYEULnBDYjPnLLJQ7t4j1g%3D%3D&trackingId=5IgDoniw3GQQyzGt6zZjNw%3D%3D&position=1&pageNum=0&trk=public_jobs_jserp-result_search-card
Software Engineer (University Grad),2023-11-30,Meta,"Burlingame, CA",https://www.linkedin.com/jobs/view/software-engineer-university-grad-at-meta-3761317742?refId=IYEULnBDYjPnLLJQ7t4j1g%3D%3D&trackingId=27OrNhJbqwX8Zg%2BkZ%2FfaWg%3D%3D&position=2&pageNum=0&trk=public_jobs_jserp-result_search-card
Software Engineer (University Grad),2023-11-30,Meta,"Menlo Park, CA",https://www.linkedin.com/jobs/view/software-engineer-university-grad-at-meta-3761321291?refId=IYEULnBDYjPnLLJQ7t4j1g%3D%3D&trackingId=zQlh4Z9H5vFHrrydegNvLw%3D%3D&position=3&pageNum=0&trk=public_jobs_jserp-result_search-card
Software Engineer (University Grad),2023-11-30,Meta,"Fremont, CA",https://www.linkedin.com/jobs/view/software-engineer-university-grad-at-meta-3761319611?refId=IYEULnBDYjPnLLJQ7t4j1g%3D%3D&trackingId=uV68DuZaOowBfY0iyL4qEw%3D%3D&position=4&pageNum=0&trk=public_jobs_jserp-result_search-card
"Software Engineer, Intern (Summer 2024)",2023-11-03,Notion,San Francisco Bay Area,https://www.linkedin.com/jobs/view/software-engineer-intern-summer-2024-at-notion-3757304958?refId=IYEULnBDYjPnLLJQ7t4j1g%3D%3D&trackingId=IwDohawwfwFxbvniTnidCw%3D%3D&position=5&pageNum=0&trk=public_jobs_jserp-result_search-card
Software Engineer (University Grad),2023-11-30,Meta,"Seattle, WA",https://www.linkedin.com/jobs/view/software-engineer-university-grad-at-meta-3761319601?refId=IYEULnBDYjPnLLJQ7t4j1g%3D%3D&trackingId=YHsoyBhYshkex9y0RsmE8w%3D%3D&position=6&pageNum=0&trk=public_jobs_jserp-result_search-card
Software Engineer (University Grad),2023-11-30,Meta,"Austin, TX",https://www.linkedin.com/jobs/view/software-engineer-university-grad-at-meta-3761316888?refId=IYEULnBDYjPnLLJQ7t4j1g%3D%3D&trackingId=0N9QsmmxMi13ZctnmNr5KQ%3D%3D&position=7&pageNum=0&trk=public_jobs_jserp-result_search-card
Software Engineer (University Grad),2023-11-30,Meta,"Washington, DC",https://www.linkedin.com/jobs/view/software-engineer-university-grad-at-meta-3761317746?refId=IYEULnBDYjPnLLJQ7t4j1g%3D%3D&trackingId=iVQZ%2FHmtqN0oZSEF14odKQ%3D%3D&position=8&pageNum=0&trk=public_jobs_jserp-result_search-card
"Software Engineer, Intern/Co-op",2023-11-30,Meta,"New York, NY",https://www.linkedin.com/jobs/view/software-engineer-intern-co-op-at-meta-3761332278?refId=IYEULnBDYjPnLLJQ7t4j1g%3D%3D&trackingId=5vI7v7bMw%2BXauV6c%2Bk4Vpw%3D%3D&position=9&pageNum=0&trk=public_jobs_jserp-result_search-card
Software Engineer Intern - Design Systems,2023-11-14,Discord,"San Francisco, CA",https://www.linkedin.com/jobs/view/software-engineer-intern-design-systems-at-discord-3765333866?refId=IYEULnBDYjPnLLJQ7t4j1g%3D%3D&trackingId=jZqOmes4nEqG0bT%2BnBV7AA%3D%3D&position=10&pageNum=0&trk=public_jobs_jserp-result_search-card
Software Engineer (L5) - TV User Interface,2023-11-29,Netflix,United States,https://www.linkedin.com/jobs/view/software-engineer-l5-tv-user-interface-at-netflix-3760644622?refId=IYEULnBDYjPnLLJQ7t4j1g%3D%3D&trackingId=64v%2BAG4gVo%2Fd4CmzvbiscA%3D%3D&position=11&pageNum=0&trk=public_jobs_jserp-result_search-card
Software Engineer,2023-11-14,Oracle,Kansas City Metropolitan Area,https://www.linkedin.com/jobs/view/software-engineer-at-oracle-3765338366?refId=IYEULnBDYjPnLLJQ7t4j1g%3D%3D&trackingId=XMRBJg5zFczLme9d8CLChw%3D%3D&position=12&pageNum=0&trk=public_jobs_jserp-result_search-card
"Software Engineer, Intern/Co-op",2023-11-30,Meta,"Menlo Park, CA",https://www.linkedin.com/jobs/view/software-engineer-intern-co-op-at-meta-3761333192?refId=IYEULnBDYjPnLLJQ7t4j1g%3D%3D&trackingId=zPAM9mOf4YiVZ30oILQtpw%3D%3D&position=13&pageNum=0&trk=public_jobs_jserp-result_search-card
SOFTWARE ENGINEER,2023-11-20,The Home Depot,"Atlanta, GA",https://www.linkedin.com/jobs/view/software-engineer-at-the-home-depot-3770759878?refId=IYEULnBDYjPnLLJQ7t4j1g%3D%3D&trackingId=If%2FNPCDJPgkdRIkehVVGnw%3D%3D&position=14&pageNum=0&trk=public_jobs_jserp-result_search-card
Software Engineer Intern - Perks (Core Product),2023-12-01,Discord,"San Francisco, CA",https://www.linkedin.com/jobs/view/software-engineer-intern-perks-core-product-at-discord-3762360753?refId=IYEULnBDYjPnLLJQ7t4j1g%3D%3D&trackingId=dInpxQ4ZrbHCQwwLRUmn0g%3D%3D&position=15&pageNum=0&trk=public_jobs_jserp-result_search-card
Software Engineer - Early Career,2023-11-21,Lockheed Martin,"Herndon, VA",https://www.linkedin.com/jobs/view/software-engineer-early-career-at-lockheed-martin-3764370307?refId=IYEULnBDYjPnLLJQ7t4j1g%3D%3D&trackingId=cvurayJ9gQEvr21EUpPzzw%3D%3D&position=16&pageNum=0&trk=public_jobs_jserp-result_search-card
Software Engineer - Early Career,2023-11-08,Lockheed Martin,"Littleton, CO",https://www.linkedin.com/jobs/view/software-engineer-early-career-at-lockheed-martin-3756077021?refId=IYEULnBDYjPnLLJQ7t4j1g%3D%3D&trackingId=xN89mwohHbgvvPnBYwtAbA%3D%3D&position=17&pageNum=0&trk=public_jobs_jserp-result_search-card
"Software Engineer, Intern/Co-op",2023-11-30,Meta,"Seattle, WA",https://www.linkedin.com/jobs/view/software-engineer-intern-co-op-at-meta-3761328977?refId=IYEULnBDYjPnLLJQ7t4j1g%3D%3D&trackingId=A%2BA%2FVVz2wo43ep5AKkg%2FTA%3D%3D&position=18&pageNum=0&trk=public_jobs_jserp-result_search-card
Software Engineer - Early Career,2023-11-08,Lockheed Martin,"Littleton, CO",https://www.linkedin.com/jobs/view/software-engineer-early-career-at-lockheed-martin-3756073766?refId=IYEULnBDYjPnLLJQ7t4j1g%3D%3D&trackingId=gExu6xyv28f2wiBPx0Cv3A%3D%3D&position=19&pageNum=0&trk=public_jobs_jserp-result_search-card
Software Engineer - Early Career,2023-11-08,Lockheed Martin,"King of Prussia, PA",https://www.linkedin.com/jobs/view/software-engineer-early-career-at-lockheed-martin-3756075195?refId=IYEULnBDYjPnLLJQ7t4j1g%3D%3D&trackingId=dh3%2FykTf9y1QsqL9pJ%2B57Q%3D%3D&position=20&pageNum=0&trk=public_jobs_jserp-result_search-card
Software Engineer,2023-11-14,The Home Depot,"Columbus, OH",https://www.linkedin.com/jobs/view/software-engineer-at-the-home-depot-3764900040?refId=IYEULnBDYjPnLLJQ7t4j1g%3D%3D&trackingId=TvS%2F3GOTZzGJw15H3ZqlEQ%3D%3D&position=21&pageNum=0&trk=public_jobs_jserp-result_search-card
Software Engineer,2023-11-14,The Home Depot,"Richmond, VA",https://www.linkedin.com/jobs/view/software-engineer-at-the-home-depot-3764718504?refId=IYEULnBDYjPnLLJQ7t4j1g%3D%3D&trackingId=s4RVkZahnI%2FqtUdgV68LgQ%3D%3D&position=22&pageNum=0&trk=public_jobs_jserp-result_search-card
Software Engineer - Early Career,2023-11-20,Lockheed Martin,"Liverpool, NY",https://www.linkedin.com/jobs/view/software-engineer-early-career-at-lockheed-martin-3770709028?refId=IYEULnBDYjPnLLJQ7t4j1g%3D%3D&trackingId=1TNeZ28AsEEbAPY0LRElrw%3D%3D&position=23&pageNum=0&trk=public_jobs_jserp-result_search-card
Software Engineer Intern - Security,2023-11-17,Discord,"San Francisco, CA",https://www.linkedin.com/jobs/view/software-engineer-intern-security-at-discord-3768491368?refId=IYEULnBDYjPnLLJQ7t4j1g%3D%3D&trackingId=%2B33iWV3kWmm%2FlfB5ItGJ3A%3D%3D&position=24&pageNum=0&trk=public_jobs_jserp-result_search-card
Web Developer (Remote),2023-12-01,Fleetio,United States,https://www.linkedin.com/jobs/view/web-developer-remote-at-fleetio-3770176339?refId=IYEULnBDYjPnLLJQ7t4j1g%3D%3D&trackingId=rkqxyJoZaN1FjAAdN1PIZQ%3D%3D&position=25&pageNum=0&trk=public_jobs_jserp-result_search-card
Web Developer Intern,2023-11-03,Eulerity,"New York, NY",https://www.linkedin.com/jobs/view/web-developer-intern-at-eulerity-3755590644?refId=1gwDbnxsuZqUV9OxJ7s2zw%3D%3D&trackingId=TM5icy%2FBJZJqVwjjXJHfiw%3D%3D&position=1&pageNum=1&trk=public_jobs_jserp-result_search-card
Junior Software Engineer,2023-10-25,"ACES, Incorporated","Annapolis Junction, MD",https://www.linkedin.com/jobs/view/junior-software-engineer-at-aces-incorporated-3742694409?refId=1gwDbnxsuZqUV9OxJ7s2zw%3D%3D&trackingId=04Ls4%2FXnZqKpQ5Pnpy180g%3D%3D&position=2&pageNum=1&trk=public_jobs_jserp-result_search-card
Software Engineer,2023-11-14,Lockheed Martin,"Moorestown, NJ",https://www.linkedin.com/jobs/view/software-engineer-at-lockheed-martin-3764989997?refId=1gwDbnxsuZqUV9OxJ7s2zw%3D%3D&trackingId=durwaCh%2BrR7xvxj63lsP5g%3D%3D&position=3&pageNum=1&trk=public_jobs_jserp-result_search-card
Software V & V Engineer,2023-12-01,Sciton,"Palo Alto, CA",https://www.linkedin.com/jobs/view/software-v-v-engineer-at-sciton-3776564893?refId=1gwDbnxsuZqUV9OxJ7s2zw%3D%3D&trackingId=gNHbBFCjvBuwNboL8LEuNQ%3D%3D&position=4&pageNum=1&trk=public_jobs_jserp-result_search-card
Software Engineer II (Remote),2023-11-11,The Home Depot,"Marietta, GA",https://www.linkedin.com/jobs/view/software-engineer-ii-remote-at-the-home-depot-3763052250?refId=1gwDbnxsuZqUV9OxJ7s2zw%3D%3D&trackingId=1e7qXrgCoHwdP1xgnrabZQ%3D%3D&position=5&pageNum=1&trk=public_jobs_jserp-result_search-card
Associate Software Engineer,2023-11-22,Infinite Computer Solutions,"California, United States",https://www.linkedin.com/jobs/view/associate-software-engineer-at-infinite-computer-solutions-3763836363?refId=1gwDbnxsuZqUV9OxJ7s2zw%3D%3D&trackingId=XI7nrKPz1six1iFM4n3Jpg%3D%3D&position=6&pageNum=1&trk=public_jobs_jserp-result_search-card
Junior Software Engineer - Fully Cleared,2023-11-03,Eqlipse Technologies,"Columbia, MD",https://www.linkedin.com/jobs/view/junior-software-engineer-fully-cleared-at-eqlipse-technologies-3756937449?refId=1gwDbnxsuZqUV9OxJ7s2zw%3D%3D&trackingId=lC0tXnwQuc%2FBSke0sZ6jsg%3D%3D&position=7&pageNum=1&trk=public_jobs_jserp-result_search-card
Software Engineer - College Intern,2023-11-20,Lockheed Martin,"Boulder, CO",https://www.linkedin.com/jobs/view/software-engineer-college-intern-at-lockheed-martin-3763838800?refId=1gwDbnxsuZqUV9OxJ7s2zw%3D%3D&trackingId=X0tYxMMYpk5tm3VyvZtwQw%3D%3D&position=8&pageNum=1&trk=public_jobs_jserp-result_search-card
Software Engineer (Skill Level 1),2023-11-15,Lockheed Martin,"Annapolis Junction, MD",https://www.linkedin.com/jobs/view/software-engineer-skill-level-1-at-lockheed-martin-3766159714?refId=1gwDbnxsuZqUV9OxJ7s2zw%3D%3D&trackingId=HUr6FGiNRK59B9FzI7yb1A%3D%3D&position=9&pageNum=1&trk=public_jobs_jserp-result_search-card
Software Engineer â€“ Intern,2023-11-21,Lockheed Martin,"Littleton, CO",https://www.linkedin.com/jobs/view/software-engineer-%E2%80%93-intern-at-lockheed-martin-3764366877?refId=1gwDbnxsuZqUV9OxJ7s2zw%3D%3D&trackingId=FfPn4rEiJ%2FnUn8HqX%2FSCKg%3D%3D&position=10&pageNum=1&trk=public_jobs_jserp-result_search-card
"Software Systems Engineer - Early Career - Orlando, FL",2023-11-13,Lockheed Martin,"Orlando, FL",https://www.linkedin.com/jobs/view/software-systems-engineer-early-career-orlando-fl-at-lockheed-martin-3759705577?refId=1gwDbnxsuZqUV9OxJ7s2zw%3D%3D&trackingId=OqOhfNV4T1lSUth8z7eJzQ%3D%3D&position=11&pageNum=1&trk=public_jobs_jserp-result_search-card
Software Engineer Intern,2023-11-06,Lockheed Martin,"Boulder, CO",https://www.linkedin.com/jobs/view/software-engineer-intern-at-lockheed-martin-3752388554?refId=1gwDbnxsuZqUV9OxJ7s2zw%3D%3D&trackingId=nvIKHOeXoYoD2G5%2BGN%2BKvQ%3D%3D&position=12&pageNum=1&trk=public_jobs_jserp-result_search-card
Software Developer (All Levels),2023-11-06,Altamira Technologies Corporation,"Fairborn, OH",https://www.linkedin.com/jobs/view/software-developer-all-levels-at-altamira-technologies-corporation-3777177352?refId=1gwDbnxsuZqUV9OxJ7s2zw%3D%3D&trackingId=LQJx6I9eY0pn1NeQ8EQJcA%3D%3D&position=13&pageNum=1&trk=public_jobs_jserp-result_search-card
College Graduates - Full-Time - Junior Software Engineer (2024),2023-11-20,Old Mission,"Chicago, IL",https://www.linkedin.com/jobs/view/college-graduates-full-time-junior-software-engineer-2024-at-old-mission-3761762893?refId=1gwDbnxsuZqUV9OxJ7s2zw%3D%3D&trackingId=dyTH2q5gN%2BTbS2dfdXRmXg%3D%3D&position=14&pageNum=1&trk=public_jobs_jserp-result_search-card
Software Developer,2023-12-01,Westland Real Estate Group,United States,https://www.linkedin.com/jobs/view/software-developer-at-westland-real-estate-group-3776147544?refId=1gwDbnxsuZqUV9OxJ7s2zw%3D%3D&trackingId=oB8WEB65w5HcKmaCISh6LQ%3D%3D&position=15&pageNum=1&trk=public_jobs_jserp-result_search-card
Junior Software Engineer,2023-12-01,Radiance Technologies,"Mississippi, United States",https://www.linkedin.com/jobs/view/junior-software-engineer-at-radiance-technologies-3776125708?refId=1gwDbnxsuZqUV9OxJ7s2zw%3D%3D&trackingId=En8Yisx7N%2BIagxC0RocPtQ%3D%3D&position=16&pageNum=1&trk=public_jobs_jserp-result_search-card
Full Stack Software Engineer,2023-11-03,Medra,"San Francisco, CA",https://www.linkedin.com/jobs/view/full-stack-software-engineer-at-medra-3757419425?refId=1gwDbnxsuZqUV9OxJ7s2zw%3D%3D&trackingId=GrpnO3TK4aR36vQjfDsCIg%3D%3D&position=17&pageNum=1&trk=public_jobs_jserp-result_search-card
Frontend Software Engineer,2023-11-16,Topia,United States,https://www.linkedin.com/jobs/view/frontend-software-engineer-at-topia-3766509613?refId=1gwDbnxsuZqUV9OxJ7s2zw%3D%3D&trackingId=QMZK8oJWZGpc0HO%2Fusn7Aw%3D%3D&position=18&pageNum=1&trk=public_jobs_jserp-result_search-card
Software Engineer (Hybrid),2023-11-06,PDG Consulting,"Los Angeles, CA",https://www.linkedin.com/jobs/view/software-engineer-hybrid-at-pdg-consulting-3759811946?refId=1gwDbnxsuZqUV9OxJ7s2zw%3D%3D&trackingId=Mh4xIKi9DgbHXpgEmfJQ5A%3D%3D&position=19&pageNum=1&trk=public_jobs_jserp-result_search-card
Full Stack Software Engineer,2023-11-16,Urban Sky,"Denver, CO",https://www.linkedin.com/jobs/view/full-stack-software-engineer-at-urban-sky-3767134998?refId=1gwDbnxsuZqUV9OxJ7s2zw%3D%3D&trackingId=ODfw7QayWuFOdUXOYWCLTw%3D%3D&position=20&pageNum=1&trk=public_jobs_jserp-result_search-card
Software Engineer 1,2023-10-27,Open Systems Inc.,"Irvine, CA",https://www.linkedin.com/jobs/view/software-engineer-1-at-open-systems-inc-3748616750?refId=1gwDbnxsuZqUV9OxJ7s2zw%3D%3D&trackingId=P9OBG61olEABCohc5OZ1Sw%3D%3D&position=21&pageNum=1&trk=public_jobs_jserp-result_search-card
Software Engineer,2023-11-15,ThisWay Global,"Plano, TX",https://www.linkedin.com/jobs/view/software-engineer-at-thisway-global-3760313676?refId=1gwDbnxsuZqUV9OxJ7s2zw%3D%3D&trackingId=%2BF4L6uEoYAqiIAgm0VDzTg%3D%3D&position=22&pageNum=1&trk=public_jobs_jserp-result_search-card
Web Developer 1,2023-10-30,Massachusetts Institute of Technology,"Cambridge, MA",https://www.linkedin.com/jobs/view/web-developer-1-at-massachusetts-institute-of-technology-3745639896?refId=1gwDbnxsuZqUV9OxJ7s2zw%3D%3D&trackingId=hlfgBNAuyFzUc08CBCD6WQ%3D%3D&position=23&pageNum=1&trk=public_jobs_jserp-result_search-card
"Software Engineer - Early Career - Dallas, TX",2023-11-29,Lockheed Martin,"Grand Prairie, TX",https://www.linkedin.com/jobs/view/software-engineer-early-career-dallas-tx-at-lockheed-martin-3769592676?refId=1gwDbnxsuZqUV9OxJ7s2zw%3D%3D&trackingId=jmUX%2FrAv%2FLf1%2B1rOdHs04Q%3D%3D&position=24&pageNum=1&trk=public_jobs_jserp-result_search-card
